model,mean,std
feature_lp,1.950538742542267,0.6096840421088854
quadratic_08,1.9092593997716905,0.47853139792556465
fused_primal,2.299208164215088,
