model,mean,std
feature_lp,1.950346478819847,0.6095852507088594
quadratic_08,1.9092699140310287,0.47861523352209023
fused_primal,2.2036255061626435,0.36538699845771294
